{
  "n_sims": 20000,
  "seed": 42,
  "model": {
    "mu": 0.10596507175420575,
    "home_adv": 0.22717886429679476,
    "beta": 0.18078247879984055,
    "rho": -0.04749490595900224,
    "use_dc": true
  }
}